"tcr","peptide","stim","value","variable"
"TCR1","KCYGVSPTKL","peptide",56.5102040816327,"percent_parent_mneongreen"
"TCR1","KCYGVSPTKL","peptide",36.9465973033231,"percent_parent_mneongreen"
"TCR1","KCYGVSPTKL","peptide",17.0088816731926,"percent_parent_mneongreen"
"TCR1","KCYGVSPTKL","peptide",8.14609338881183,"percent_parent_mneongreen"
"TCR1","KCYGVSPTKL","peptide",6.56325841511027,"percent_parent_mneongreen"
"TCR1","KCYGVSPTKL","peptide",5.74021207177814,"percent_parent_mneongreen"
"TCR1","KCYGVSPTKL","peptide",5.71338714749974,"percent_parent_mneongreen"
"TCR1","KCYGVSPTKL","no peptide neg. control",5.22326064382139,"percent_parent_mneongreen"
"TCR1","KCYGVSPTK","peptide",5.56567496458207,"percent_parent_mneongreen"
"TCR1","KCYGVSPTK","peptide",4.77567298105683,"percent_parent_mneongreen"
"TCR1","KCYGVSPTK","peptide",5.11441423821631,"percent_parent_mneongreen"
"TCR1","KCYGVSPTK","peptide",4.92916747525713,"percent_parent_mneongreen"
"TCR1","KCYGVSPTK","peptide",4.62275215011728,"percent_parent_mneongreen"
"TCR1","KCYGVSPTK","peptide",4.55888144938952,"percent_parent_mneongreen"
"TCR1","KCYGVSPTK","peptide",5.1514236844753,"percent_parent_mneongreen"
"TCR1","KCYGVSPTK","no peptide neg. control",5.13194951496819,"percent_parent_mneongreen"
"TCR1","CYGVSPTKL","peptide",5.33847000550358,"percent_parent_mneongreen"
"TCR1","CYGVSPTKL","peptide",4.71698113207547,"percent_parent_mneongreen"
"TCR1","CYGVSPTKL","peptide",4.8095382439123,"percent_parent_mneongreen"
"TCR1","CYGVSPTKL","peptide",4.67540202501489,"percent_parent_mneongreen"
"TCR1","CYGVSPTKL","peptide",5.38775510204082,"percent_parent_mneongreen"
"TCR1","CYGVSPTKL","peptide",4.66214222484509,"percent_parent_mneongreen"
"TCR1","CYGVSPTKL","peptide",5.14523644294637,"percent_parent_mneongreen"
"TCR1","CYGVSPTKL","no peptide neg. control",5.70986060918947,"percent_parent_mneongreen"
"TCR2","KCYGVSPTKL","peptide",29.1230966795083,"percent_parent_mneongreen"
"TCR2","KCYGVSPTKL","peptide",13.8196860016922,"percent_parent_mneongreen"
"TCR2","KCYGVSPTKL","peptide",7.47105643994211,"percent_parent_mneongreen"
"TCR2","KCYGVSPTKL","peptide",4.92277992277992,"percent_parent_mneongreen"
"TCR2","KCYGVSPTKL","peptide",4.67991169977925,"percent_parent_mneongreen"
"TCR2","KCYGVSPTKL","peptide",5.28262518968133,"percent_parent_mneongreen"
"TCR2","KCYGVSPTKL","peptide",5.19706691109074,"percent_parent_mneongreen"
"TCR2","KCYGVSPTKL","no peptide neg. control",4.62320850670365,"percent_parent_mneongreen"
"TCR2","KCYGVSPTK","peptide",14.4204358176158,"percent_parent_mneongreen"
"TCR2","KCYGVSPTK","peptide",10.480093676815,"percent_parent_mneongreen"
"TCR2","KCYGVSPTK","peptide",6.11183355006502,"percent_parent_mneongreen"
"TCR2","KCYGVSPTK","peptide",5.07771020368761,"percent_parent_mneongreen"
"TCR2","KCYGVSPTK","peptide",4.89642184557439,"percent_parent_mneongreen"
"TCR2","KCYGVSPTK","peptide",5.13341335056781,"percent_parent_mneongreen"
"TCR2","KCYGVSPTK","peptide",4.90518575851393,"percent_parent_mneongreen"
"TCR2","KCYGVSPTK","no peptide neg. control",4.94524595863028,"percent_parent_mneongreen"
"TCR2","CYGVSPTKL","peptide",12.3621114048683,"percent_parent_mneongreen"
"TCR2","CYGVSPTKL","peptide",7.42362424121803,"percent_parent_mneongreen"
"TCR2","CYGVSPTKL","peptide",5.39673813450614,"percent_parent_mneongreen"
"TCR2","CYGVSPTKL","peptide",4.90605427974948,"percent_parent_mneongreen"
"TCR2","CYGVSPTKL","peptide",4.96161767459277,"percent_parent_mneongreen"
"TCR2","CYGVSPTKL","peptide",4.81607192000734,"percent_parent_mneongreen"
"TCR2","CYGVSPTKL","peptide",4.93038336830059,"percent_parent_mneongreen"
"TCR2","CYGVSPTKL","no peptide neg. control",5.20185569045504,"percent_parent_mneongreen"
"TCR3","KCYGVSPTKL","peptide",40.7023790257323,"percent_parent_mneongreen"
"TCR3","KCYGVSPTKL","peptide",24.8965571082832,"percent_parent_mneongreen"
"TCR3","KCYGVSPTKL","peptide",12.9599871444641,"percent_parent_mneongreen"
"TCR3","KCYGVSPTKL","peptide",9.05739863085835,"percent_parent_mneongreen"
"TCR3","KCYGVSPTKL","peptide",9.13713174816809,"percent_parent_mneongreen"
"TCR3","KCYGVSPTKL","peptide",8.51155447107794,"percent_parent_mneongreen"
"TCR3","KCYGVSPTKL","peptide",8.44441342731523,"percent_parent_mneongreen"
"TCR3","KCYGVSPTKL","no peptide neg. control",9.01681855227088,"percent_parent_mneongreen"
"TCR3","KCYGVSPTK","peptide",48.0596289394799,"percent_parent_mneongreen"
"TCR3","KCYGVSPTK","peptide",38.5802948021722,"percent_parent_mneongreen"
"TCR3","KCYGVSPTK","peptide",23.3508380692037,"percent_parent_mneongreen"
"TCR3","KCYGVSPTK","peptide",12.7260598873406,"percent_parent_mneongreen"
"TCR3","KCYGVSPTK","peptide",9.06595340325192,"percent_parent_mneongreen"
"TCR3","KCYGVSPTK","peptide",8.44703896469264,"percent_parent_mneongreen"
"TCR3","KCYGVSPTK","peptide",8.50528082814576,"percent_parent_mneongreen"
"TCR3","KCYGVSPTK","no peptide neg. control",7.80764554910172,"percent_parent_mneongreen"
"TCR3","CYGVSPTKL","peptide",42.8471248246844,"percent_parent_mneongreen"
"TCR3","CYGVSPTKL","peptide",29.1199376947041,"percent_parent_mneongreen"
"TCR3","CYGVSPTKL","peptide",16.4538595473012,"percent_parent_mneongreen"
"TCR3","CYGVSPTKL","peptide",9.26460786491891,"percent_parent_mneongreen"
"TCR3","CYGVSPTKL","peptide",8.77740500897246,"percent_parent_mneongreen"
"TCR3","CYGVSPTKL","peptide",8.23686553873553,"percent_parent_mneongreen"
"TCR3","CYGVSPTKL","peptide",7.9246123024412,"percent_parent_mneongreen"
"TCR3","CYGVSPTKL","no peptide neg. control",8.17578294126137,"percent_parent_mneongreen"
"TCR4","KCYGVSPTKL","peptide",40.1743498817967,"percent_parent_mneongreen"
"TCR4","KCYGVSPTKL","peptide",24.6729949921519,"percent_parent_mneongreen"
"TCR4","KCYGVSPTKL","peptide",9.51582477468036,"percent_parent_mneongreen"
"TCR4","KCYGVSPTKL","peptide",4.78586085920434,"percent_parent_mneongreen"
"TCR4","KCYGVSPTKL","peptide",4.04731840233934,"percent_parent_mneongreen"
"TCR4","KCYGVSPTKL","peptide",3.83118213480844,"percent_parent_mneongreen"
"TCR4","KCYGVSPTKL","peptide",4.10206493777376,"percent_parent_mneongreen"
"TCR4","KCYGVSPTKL","no peptide neg. control",3.74861464241476,"percent_parent_mneongreen"
"TCR4","KCYGVSPTK","peptide",3.97364488520581,"percent_parent_mneongreen"
"TCR4","KCYGVSPTK","peptide",3.81490868915318,"percent_parent_mneongreen"
"TCR4","KCYGVSPTK","peptide",3.58832061550104,"percent_parent_mneongreen"
"TCR4","KCYGVSPTK","peptide",3.95063430777717,"percent_parent_mneongreen"
"TCR4","KCYGVSPTK","peptide",3.63784998978132,"percent_parent_mneongreen"
"TCR4","KCYGVSPTK","peptide",3.93868839736127,"percent_parent_mneongreen"
"TCR4","KCYGVSPTK","peptide",3.56574761399788,"percent_parent_mneongreen"
"TCR4","KCYGVSPTK","no peptide neg. control",4.00453847694053,"percent_parent_mneongreen"
"TCR4","CYGVSPTKL","peptide",4.09737124463519,"percent_parent_mneongreen"
"TCR4","CYGVSPTKL","peptide",3.62223393045311,"percent_parent_mneongreen"
"TCR4","CYGVSPTKL","peptide",4.02799698071777,"percent_parent_mneongreen"
"TCR4","CYGVSPTKL","peptide",4.02989244307864,"percent_parent_mneongreen"
"TCR4","CYGVSPTKL","peptide",3.69720685467548,"percent_parent_mneongreen"
"TCR4","CYGVSPTKL","peptide",3.80997496108818,"percent_parent_mneongreen"
"TCR4","CYGVSPTKL","peptide",3.96337388049726,"percent_parent_mneongreen"
"TCR4","CYGVSPTKL","no peptide neg. control",3.77227654115526,"percent_parent_mneongreen"
"TCR8_1","KCYGVSPTKL","peptide",30.4233239993411,"percent_parent_mneongreen"
"TCR8_1","KCYGVSPTKL","peptide",16.9503950476501,"percent_parent_mneongreen"
"TCR8_1","KCYGVSPTKL","peptide",7.68449030644153,"percent_parent_mneongreen"
"TCR8_1","KCYGVSPTKL","peptide",5.95984943538268,"percent_parent_mneongreen"
"TCR8_1","KCYGVSPTKL","peptide",5.72110572110572,"percent_parent_mneongreen"
"TCR8_1","KCYGVSPTKL","peptide",5.61848663343906,"percent_parent_mneongreen"
"TCR8_1","KCYGVSPTKL","peptide",5.21689821377942,"percent_parent_mneongreen"
"TCR8_1","KCYGVSPTKL","no peptide neg. control",5.75318401405358,"percent_parent_mneongreen"
"TCR8_1","KCYGVSPTK","peptide",5.03729965285472,"percent_parent_mneongreen"
"TCR8_1","KCYGVSPTK","peptide",5.29781044250498,"percent_parent_mneongreen"
"TCR8_1","KCYGVSPTK","peptide",4.56065457132693,"percent_parent_mneongreen"
"TCR8_1","KCYGVSPTK","peptide",5.09534936308133,"percent_parent_mneongreen"
"TCR8_1","KCYGVSPTK","peptide",4.9225705094636,"percent_parent_mneongreen"
"TCR8_1","KCYGVSPTK","peptide",5.17370470200659,"percent_parent_mneongreen"
"TCR8_1","KCYGVSPTK","peptide",4.92038336729303,"percent_parent_mneongreen"
"TCR8_1","KCYGVSPTK","no peptide neg. control",5.24719441916894,"percent_parent_mneongreen"
"TCR8_1","CYGVSPTKL","peptide",5.80178516466605,"percent_parent_mneongreen"
"TCR8_1","CYGVSPTKL","peptide",5.15577179628031,"percent_parent_mneongreen"
"TCR8_1","CYGVSPTKL","peptide",4.89328063241107,"percent_parent_mneongreen"
"TCR8_1","CYGVSPTKL","peptide",5.1266117756719,"percent_parent_mneongreen"
"TCR8_1","CYGVSPTKL","peptide",4.77498093058734,"percent_parent_mneongreen"
"TCR8_1","CYGVSPTKL","peptide",4.76779228807666,"percent_parent_mneongreen"
"TCR8_1","CYGVSPTKL","peptide",5.05058246474555,"percent_parent_mneongreen"
"TCR8_1","CYGVSPTKL","no peptide neg. control",5.1043899341113,"percent_parent_mneongreen"
"TCR8_2","KCYGVSPTKL","peptide",36.496292790661,"percent_parent_mneongreen"
"TCR8_2","KCYGVSPTKL","peptide",20.2084168336673,"percent_parent_mneongreen"
"TCR8_2","KCYGVSPTKL","peptide",7.73421315123149,"percent_parent_mneongreen"
"TCR8_2","KCYGVSPTKL","peptide",4.82727409865741,"percent_parent_mneongreen"
"TCR8_2","KCYGVSPTKL","peptide",4.35658336441626,"percent_parent_mneongreen"
"TCR8_2","KCYGVSPTKL","peptide",5.29982777516831,"percent_parent_mneongreen"
"TCR8_2","KCYGVSPTKL","peptide",4.5686474605542,"percent_parent_mneongreen"
"TCR8_2","KCYGVSPTKL","no peptide neg. control",4.9792531120332,"percent_parent_mneongreen"
"TCR8_2","KCYGVSPTK","peptide",4.71485256360383,"percent_parent_mneongreen"
"TCR8_2","KCYGVSPTK","peptide",4.32389937106918,"percent_parent_mneongreen"
"TCR8_2","KCYGVSPTK","peptide",4.40861010429765,"percent_parent_mneongreen"
"TCR8_2","KCYGVSPTK","peptide",4.42510783876246,"percent_parent_mneongreen"
"TCR8_2","KCYGVSPTK","peptide",4.6259236453202,"percent_parent_mneongreen"
"TCR8_2","KCYGVSPTK","peptide",4.42174277654952,"percent_parent_mneongreen"
"TCR8_2","KCYGVSPTK","peptide",4.25579322638146,"percent_parent_mneongreen"
"TCR8_2","KCYGVSPTK","no peptide neg. control",4.71129202472486,"percent_parent_mneongreen"
"TCR8_2","CYGVSPTKL","peptide",4.5075249590225,"percent_parent_mneongreen"
"TCR8_2","CYGVSPTKL","peptide",4.53786614053726,"percent_parent_mneongreen"
"TCR8_2","CYGVSPTKL","peptide",4.26283900750144,"percent_parent_mneongreen"
"TCR8_2","CYGVSPTKL","peptide",4.79907264296754,"percent_parent_mneongreen"
"TCR8_2","CYGVSPTKL","peptide",4.71200063036798,"percent_parent_mneongreen"
"TCR8_2","CYGVSPTKL","peptide",4.4287794038771,"percent_parent_mneongreen"
"TCR8_2","CYGVSPTKL","peptide",4.65426575622008,"percent_parent_mneongreen"
"TCR8_2","CYGVSPTKL","no peptide neg. control",4.47173308619092,"percent_parent_mneongreen"
