cdr3_a_nt	v_a_gene	j_a_gene	cdr3_a_aa	cdr3_b_nt	v_b_gene_x	j_b_gene_x	cdr3_b_aa_x	total_counts_cd8	pct_counts_cd8	total_counts_cd4	pct_counts_cd4	cd8vcd4_score	barcode	cell_type	key	N_10x	10x_count	10x_clone_id	cdr3_b_nucseq	v_b_gene_y	j_b_gene_y	cdr3_b_aa_y	templates	frequency	productive_frequency	adpt_clone_id	nucleotide_level_match	10x_pfreq	10x_enriched	10x_binomial_cdf	10x_binomial_pmf	10x_cdf_p_fdr_10x	10x_pmf_p_fdr_10x	clones_file_10X	matrix_file_10X	clones_file_adpt
TGTGCAGAGAATGGTGGTAATGCAGGCAACATGCTCACCTTT	TRAV13-2	TRAJ39	CAENGGNAGNMLTF	TGTGCCAGCAGCTATCCCTCGGGAGGGAGAGAAGCTTTCTTT	TRBV11-2	TRBJ1-1	CASSYPSGGREAFF	284.0	99.04762	2.0	0.952381	3.9365966384708706	5	CD8	TRBV11-2+CASSYPSGGREAFF+TRBJ1-1	124	5	0	ATCCAGCCTGCAAAGCTTGAGGACTCGGCCGTGTATCTCTGTGCCAGCAGCTATCCCTCGGGAGGGAGAGAAGCTTTCTTTGGACAA	TRBV11-2	TRBJ1-1	CASSYPSGGREAFF	662.0	0.0008900182171402451	0.0010892027430797783	98980.0	True	0.07692307692307693	True	3.09854256030917e-07	3.031753006732463e-07	1.4563150033453098e-05	1.4249239131642577e-05	15531E03_filtered_contig_annotations.csv	15531E03_raw_feature_bc_matrix.h5	15531_6_TCRB.tsv
TGTGCTTACGTGTACTCTGGGGCTGGGAGTTACCAACTCACTTTC	TRAV38-2/DV8	TRAJ28	CAYVYSGAGSYQLTF	TGCAGTGCTAGAGATCCCCGGGACAGGGGGCGTAACTATGGCTACACCTTC	TRBV20-1	TRBJ1-2	CSARDPRDRGRNYGYTF	248.0	99.86979	0.5	0.13020834	4.498108450354524	4	CD8	TRBV20-1+CSARDPRDRGRNYGYTF+TRBJ1-2	124	4	1	GCCCATCCTGAAGACAGCAGCTTCTACATCTGCAGTGCTAGAGATCCCCGGGACAGGGGGCGTAACTATGGCTACACCTTCGGTTCG	TRBV20-1	TRBJ1-2	CSARDPRDRGRNYGYTF	351.0	0.000471897876459556	0.0005775077988232662	237187.0	True	0.06153846153846154	True	9.87271740804374e-07	9.73613218594772e-07	2.320088590890279e-05	2.2879910636977147e-05	15531E03_filtered_contig_annotations.csv	15531E03_raw_feature_bc_matrix.h5	15531_6_TCRB.tsv
TGTGCTGTGGACACCATCGACAACTTCAACAAATTTTACTTT	TRAV8-3	TRAJ21	CAVDTIDNFNKFYF	TGTGCCAGCAGTTCGTGGGAGCAGTTCTTC	TRBV28	TRBJ2-1	CASSSWEQFF	753.0	100.0	0.0	0.0	4.61512051684126	3	CD8	TRBV28+CASSSWEQFF+TRBJ2-1	124	3	2	TTCTCCCTGATTCTGGAGTCCGCCAGCACCAACCAGACATCTATGTACCTCTGTGCCAGCAGTTCGTGGGAGCAGTTCTTCGGGCCA	TRBV28	TRBJ2-1	CASSSWEQFF	2439.0	0.0032790852441164	0.004012938807207824	328105.0	True	0.046153846153846156	True	0.013979515110688179	0.012320271356919613	0.018772491720066984	0.01703096334633005	15531E03_filtered_contig_annotations.csv	15531E03_raw_feature_bc_matrix.h5	15531_6_TCRB.tsv
TGTGCAATGAGAGCAGTTGGGCAGAAGCTGCTCTTT	TRAV14/DV4	TRAJ16	CAMRAVGQKLLF	TGTGCCAGCAGCTCCAGACAGGGGCGCGAGCAGTACTTC	TRBV7-6	TRBJ2-7	CASSSRQGREQYF	90.0	95.83333	2.0	4.166667	2.9307634383134387	3	CD8	TRBV7-6+CASSSRQGREQYF+TRBJ2-7	124	3	3	ACGATCCAGCGCACAGAGCAGCGGGACTCGGCCATGTATCGCTGTGCCAGCAGCTCCAGACAGGGGCGCGAGCAGTACTTCGGGCCG	TRBV7-6	TRBJ2-7	CASSSRQGREQYF	250.0	0.0003361095986179173	0.0004113303410422124	56473.0	True	0.046153846153846156	True	2.0792836597949282e-05	2.053467855558136e-05	0.00024431583002590407	0.00024128247302808098	15531E03_filtered_contig_annotations.csv	15531E03_raw_feature_bc_matrix.h5	15531_6_TCRB.tsv
TGTGCTGTGGGTGACCCCCTTAACTTTGGAAATGAGAAATTAACCTTT	TRAV8-3	TRAJ48	CAVGDPLNFGNEKLTF	TGTGCCAGCAGCCAGACAGGGAACACCGGGGAGCTGTTTTTT	TRBV13	TRBJ2-2	CASSQTGNTGELFF	777.0	88.69863	99.0	11.30137	1.9867448989354348	3	CD8	TRBV13+CASSQTGNTGELFF+TRBJ2-2	124	3	4	ATGAGCTCCTTGGAGCTGGGGGACTCAGCCCTGTACTTCTGTGCCAGCAGCCAGACAGGGAACACCGGGGAGCTGTTTTTTGGAGAA	TRBV13	TRBJ2-2	CASSQTGNTGELFF	16071.0	0.0216064694375541	0.02644195964355758	116680.0	True	0.046153846153846156	True	0.6397698505818646	0.22397517304842612	0.7159329280320866	0.23405835774848688	15531E03_filtered_contig_annotations.csv	15531E03_raw_feature_bc_matrix.h5	15531_6_TCRB.tsv
TGTGCTTGTGGAAACTCTGGGGCTGGGAGTTACCAACTCACTTTC	TRAV38-2/DV8	TRAJ28	CACGNSGAGSYQLTF	TGTGCCAGCCGGTCGCGCTCCTATAATTCACCCCTCCACTTT	TRBV7-6	TRBJ1-6	CASRSRSYNSPLHF	299.5	99.842766	0.5	0.1572327	4.476846291199957	2	CD8	TRBV7-6+CASRSRSYNSPLHF+TRBJ1-6	124	2	7	ATCCAGCGCACAGAGCAGCGGGACTCGGCCATGTATCGCTGTGCCAGCCGGTCGCGCTCCTATAATTCACCCCTCCACTTTGGGAAT	TRBV7-6	TRBJ1-6	CASRSRSYNSPLHF	13.0	1.74776991281317e-05	2.1389177734195042e-05	103212.0	True	0.03076923076923077	True	3.482808003774096e-06	3.4797791752134397e-06	5.456399205912751e-05	5.4516540411677225e-05	15531E03_filtered_contig_annotations.csv	15531E03_raw_feature_bc_matrix.h5	15531_6_TCRB.tsv
TGTGCAGAGGTCTCTAACGACTACAAGCTCAGCTTT	TRAV5	TRAJ20	CAEVSNDYKLSF	TGTGCCGCCGGGTCTCTCTACGAGCAGTACTTC	TRBV15	TRBJ2-7	CAAGSLYEQYF	567.5	98.81094	10.0	1.1890606	3.9945469888744998	2	CD8	TRBV15+CAAGSLYEQYF+TRBJ2-7	124	2	8	TTTCTTGACATCCGCTCACCAGGCCTGGGGGACGCAGCCATGTACCTGTGTGCCGCCGGGTCTCTCTACGAGCAGTACTTCGGGCCG	TRBV15	TRBJ2-7	CAAGSLYEQYF	33862.0	0.0455253729135996	0.05571387203348558	333621.0	True	0.03076923076923077	False	0.9931959283260864	0.021720202643729487	0.9931959283260864	0.028356931229313497	15531E03_filtered_contig_annotations.csv	15531E03_raw_feature_bc_matrix.h5	15531_6_TCRB.tsv
TGTGCTGTGAGAGACGGGCGGGATAGCAGCTATAAATTGATCTTC	TRAV3	TRAJ12	CAVRDGRDSSYKLIF	TGTGCCAGCAGTCCCCCGGACGGATCGGGTTCAACTAATGAAAAACTGTTTTTT	TRBV7-9	TRBJ1-4	CASSPPDGSGSTNEKLFF	875.5	96.2053	31.5	3.7946978	3.018278707474359	2	CD8	TRBV7-9+CASSPPDGSGSTNEKLFF+TRBJ1-4	124	2	9	GAGCAGGGGGACTCGGCCATGTATCTCTGTGCCAGCAGTCCCCCGGACGGATCGGGTTCAACTAATGAAAAACTGTTTTTTGGCAGT	TRBV7-9	TRBJ1-4	CASSPPDGSGSTNEKLFF	11009.0	0.0148009222847386	0.018113342898134863	218270.0	True	0.03076923076923077	True	0.659221099154059	0.26901701274605955	0.7205439920986226	0.26901701274605955	15531E03_filtered_contig_annotations.csv	15531E03_raw_feature_bc_matrix.h5	15531_6_TCRB.tsv
TGTGCAATGAGAGAGGGCCTAGAGGGTTACCAGAAAGTTACCTTT	TRAV14/DV4	TRAJ13	CAMREGLEGYQKVTF	TGCAGTGCCATACCGACTAGCCTGGGGGATGAGCAGTTCTTC	TRBV20-1	TRBJ2-1	CSAIPTSLGDEQFF	232.5	98.68735	5.5	1.3126491	3.9579838174823645	2	CD8	TRBV20-1+CSAIPTSLGDEQFF+TRBJ2-1	124	2	6	GTGACCAGTGCCCATCCTGAAGACAGCAGCTTCTACATCTGCAGTGCCATACCGACTAGCCTGGGGGATGAGCAGTTCTTCGGGCCA	TRBV20-1	TRBJ2-1	CSAIPTSLGDEQFF	14758.0	0.0198412218256128	0.02428165269240388	258878.0	True	0.03076923076923077	True	0.8061269818353096	0.22409842763153	0.8610901851422625	0.23405835774848688	15531E03_filtered_contig_annotations.csv	15531E03_raw_feature_bc_matrix.h5	15531_6_TCRB.tsv
TGTGCAGAGAATAAAGGTTCTGCAAGGCAACTGACCTTT	TRAV13-2	TRAJ22	CAENKGSARQLTF	TGCGCCAGCAGCCCTAGCGGGACCCCCCGCGAGCAGTACTTC	TRBV4-1	TRBJ2-7	CASSPSGTPREQYF	249.5	99.87865	0.5	0.12135922	4.505266880185538	2	CD8	TRBV4-1+CASSPSGTPREQYF+TRBJ2-7	124	2	5	CTACACGCCCTGCAGCCAGAAGACTCAGCCCTGTATCTCTGCGCCAGCAGCCCTAGCGGGACCCCCCGCGAGCAGTACTTCGGGCCG	TRBV4-1	TRBJ2-7	CASSPSGTPREQYF	112.0	0.00015057710018082698	0.00018427599278691113	174768.0	True	0.03076923076923077	True	0.0002551119865743523	0.00025320352927110244	0.0011990263368994558	0.0011900565875741815	15531E03_filtered_contig_annotations.csv	15531E03_raw_feature_bc_matrix.h5	15531_6_TCRB.tsv
TGCCTCGTGGGTGAGGGCTCAGGAACCTACAAATACATCTTT	TRAV4	TRAJ40	CLVGEGSGTYKYIF	TGTGCCAGCAGCTCGAGGAAACGCTGGAGCGGGACCTACAATGAGCAGTTCTTC	TRBV7-8	TRBJ2-1	CASSSRKRWSGTYNEQFF	247.0	100.0	0.0	0.0	4.61512051684126	1	CD8	TRBV7-8+CASSSRKRWSGTYNEQFF+TRBJ2-1	124	1	73	CAGCAGGAGGACTCCGCCGTGTATCTCTGTGCCAGCAGCTCGAGGAAACGCTGGAGCGGGACCTACAATGAGCAGTTCTTCGGGCCA	TRBV7-8	TRBJ2-1	CASSSRKRWSGTYNEQFF	1435.0	0.0019292690960668	0.002361036157582299	127703.0	True	0.015384615384615385	True	0.25406338360415404	0.21890357124605933	0.2912433909608595	0.23405835774848688	15531E03_filtered_contig_annotations.csv	15531E03_raw_feature_bc_matrix.h5	15531_6_TCRB.tsv
TGTGCTCTGATCGAATCAGATGGCCAGAAGCTGCTCTTT	TRAV9-2	TRAJ16	CALIESDGQKLLF	TGTGCCAGCACCGAACAGGGGGCCTTACGAGGTGGCTACACCTTC	TRBV2	TRBJ1-2	CASTEQGALRGGYTF	1.0	0.79365087	125.0	99.206345	-4.022978373643398	1	CD4	TRBV2+CASTEQGALRGGYTF+TRBJ1-2	124	1	56	CGGTCCACAAAGCTGGAGGACTCAGCCATGTACTTCTGTGCCAGCACCGAACAGGGGGCCTTACGAGGTGGCTACACCTTCGGTTCG	TRBV2	TRBJ1-2	CASTEQGALRGGYTF	1.0	1.3444383944716694e-06	1.6453213641688494e-06	169816.0	True	0.015384615384615385	True	0.00020399920632785395	0.000203978564879925	0.001065329188601015	0.0010652213943729417	15531E03_filtered_contig_annotations.csv	15531E03_raw_feature_bc_matrix.h5	15531_6_TCRB.tsv
TGTGCAGCAAGCGCGCTTGAATTCAAAACCTCCTACGACAAGGTGATATTT	TRAV29/DV5	TRAJ50	CAASALEFKTSYDKVIF	TGTGCCAGCTCCCTCAGGGGCTGGGACACTGAAGCTTTCTTT	TRBV18	TRBJ1-1	CASSLRGWDTEAFF	1.0	1.4925373	66.0	98.50746	-3.6869314601726275	1	CD4	TRBV18+CASSLRGWDTEAFF+TRBJ1-1	124	1	58	ATCCAGCAGGTAGTGCGAGGAGATTCGGCAGCTTATTTCTGTGCCAGCTCCCTCAGGGGCTGGGACACTGAAGCTTTCTTTGGACAA	TRBV18	TRBJ1-1	CASSLRGWDTEAFF	1.0	1.3444383944716694e-06	1.6453213641688494e-06	94541.0	True	0.015384615384615385	True	0.00020399920632785395	0.000203978564879925	0.001065329188601015	0.0010652213943729417	15531E03_filtered_contig_annotations.csv	15531E03_raw_feature_bc_matrix.h5	15531_6_TCRB.tsv
TGTGCAGCAAGCACTCAGGGCGGATCTGAAAAGCTGGTCTTT	TRAV23/DV6	TRAJ57	CAASTQGGSEKLVF	TGTGCCAGCAGAGTCGGGGGTAATTCACCCCTCCACTTT	TRBV7-2	TRBJ1-6	CASRVGGNSPLHF	5.0	5.263158	90.0	94.73685	-2.726918743752016	1	CD4	TRBV7-2+CASRVGGNSPLHF+TRBJ1-6	124	1	60	ACGATCCAGCGCACAGAGCAGGAGGACTCGGCCGTGTATCTCTGTGCCAGCAGAGTCGGGGGTAATTCACCCCTCCACTTTGGGAAT	TRBV7-2	TRBJ1-6	CASRVGGNSPLHF	2.0	2.6888767889433388e-06	3.2906427283376988e-06	56760.0	True	0.015384615384615385	True	0.0004079571325219522	0.00040787457777810923	0.001369570373466554	0.001369293225397938	15531E03_filtered_contig_annotations.csv	15531E03_raw_feature_bc_matrix.h5	15531_6_TCRB.tsv
TGTGCACCCCGAGCTGCAGGCAACAAGCTAACTTTT	TRAV13-1	TRAJ17	CAPRAAGNKLTF	TGTGCCAGCAGTTACTCATCAGGGTTGGATTCACCCCTCCACTTT	TRBV6-5	TRBJ1-6	CASSYSSGLDSPLHF	3.0	3.4883723	83.0	96.51163	-3.0784814991038223	1	CD4	TRBV6-5+CASSYSSGLDSPLHF+TRBJ1-6	124	1	65	NTGTCGGCTGCTCCCTCCCAGACATCTGTGTACTTCTGTGCCAGCAGTTACTCATCAGGGTTGGATTCACCCCTCCACTTTGGGAAC	TRBV6-5	TRBJ1-6	CASSYSSGLDSPLHF	1.0	1.3444383944716694e-06	1.6453213641688494e-06	299185.0	True	0.015384615384615385	True	0.00020399920632785395	0.000203978564879925	0.001065329188601015	0.0010652213943729417	15531E03_filtered_contig_annotations.csv	15531E03_raw_feature_bc_matrix.h5	15531_6_TCRB.tsv
TGTGCAATGAGAGAAATAAACCAGGCAGGAACTGCTCTGATCTTT	TRAV14/DV4	TRAJ15	CAMREINQAGTALIF	TGTGCCAGCAGCTTAGCGAGTCGTAGAGGGGGAATGGGAGCTTTCTTT	TRBV7-2	TRBJ1-1	CASSLASRRGGMGAFF	396.0	99.49748	2.0	0.5025126	4.202993919200727	1	CD8	TRBV7-2+CASSLASRRGGMGAFF+TRBJ1-1	124	1	69	CGCACACAGCAGGAGGACTCGGCCGTGTATCTCTGTGCCAGCAGCTTAGCGAGTCGTAGAGGGGGAATGGGAGCTTTCTTTGGACAA	TRBV7-2	TRBJ1-1	CASSLASRRGGMGAFF	2.0	2.6888767889433388e-06	3.2906427283376988e-06	163131.0	True	0.015384615384615385	True	0.0004079571325219522	0.00040787457777810923	0.001369570373466554	0.001369293225397938	15531E03_filtered_contig_annotations.csv	15531E03_raw_feature_bc_matrix.h5	15531_6_TCRB.tsv
TGTGCAATGAGAGAAATAAACCAGGCAGGAACTGCTCTGATCTTT	TRAV14/DV4	TRAJ15	CAMREINQAGTALIF	TGTGCCAGCAGCTTAGCGAGTCGTAGAGGGGGAATGGGAGCTTTCTTT	TRBV7-2	TRBJ1-1	CASSLASRRGGMGAFF	396.0	99.49748	2.0	0.5025126	4.202993919200727	1	CD8	TRBV7-2+CASSLASRRGGMGAFF+TRBJ1-1	124	1	69	CGCACAGAGCAGGAGGACTCGGCCGTGTATCTCTGTGCCAGCAGCTTAGCGAGTCGTAGAGGGGGAATGGGAGCTTTCTTTGGACAA	TRBV7-2	TRBJ1-1	CASSLASRRGGMGAFF	3.0	4.033315183415008e-06	4.935964092506548e-06	165649.0	True	0.015384615384615385	True	0.0006118737868674451	0.0006116880635480308	0.00179737924892312	0.0017968336866723404	15531E03_filtered_contig_annotations.csv	15531E03_raw_feature_bc_matrix.h5	15531_6_TCRB.tsv
TGCGCTGTTCCCTATAATGCAGGCAACATGCTCACCTTT	TRAV1-1	TRAJ39	CAVPYNAGNMLTF	TGTGCCAGCAGCTCTACTAGCGGGGGGGCCCCCGAGCAGTACTTC	TRBV7-2	TRBJ2-7	CASSSTSGGAPEQYF	144.0	99.31034	1.0	0.6896552	4.083744313745751	1	CD8	TRBV7-2+CASSSTSGGAPEQYF+TRBJ2-7	124	1	71	CAGCGCACAGAGCAGGAGGACTCGGCCGTGTATCTCTGTGCCAGCAGCTCTACTAGCGGGGGGGCCCCCGAGCAGTACTTCGGGCCG	TRBV7-2	TRBJ2-7	CASSSTSGGAPEQYF	9.0	1.2099945550245024e-05	1.4807892277519645e-05	144246.0	True	0.015384615384615385	True	0.0018345074678925988	0.001832837299437836	0.004164885487130913	0.004160672528726494	15531E03_filtered_contig_annotations.csv	15531E03_raw_feature_bc_matrix.h5	15531_6_TCRB.tsv
TGTGCCGTGACTCACTCTGGCAACACAGGCAAACTAATCTTT	TRAV8-1	TRAJ37	CAVTHSGNTGKLIF	TGTGCCAGCAGCTTGGACCCCGGGCCCCAGCATTTT	TRBV5-8	TRBJ1-5	CASSLDPGPQHF	6.0	8.333334	66.0	91.66667	-2.29541659028357	1	CD4	TRBV5-8+CASSLDPGPQHF+TRBJ1-5	124	1	94	CTGAATGTGAACGCCTTGGAGCTGGAGGACTCGGCCCTGTATCTCTGTGCCAGCAGCTTGGACCCCGGGCCCCAGCATTTTGGTGAT	TRBV5-8	TRBJ1-5	CASSLDPGPQHF	2.0	2.6888767889433388e-06	3.2906427283376988e-06	181859.0	True	0.015384615384615385	True	0.0004079571325219522	0.00040787457777810923	0.001369570373466554	0.001369293225397938	15531E03_filtered_contig_annotations.csv	15531E03_raw_feature_bc_matrix.h5	15531_6_TCRB.tsv
TGTGCTCTAAAGAACACCGGTAACCAGTTCTATTTT	TRAV16	TRAJ49	CALKNTGNQFYF	TGTGCCAGCAGCTTGGGGGTAGGCTCCTACAATGAGCAGTTCTTC	TRBV7-2	TRBJ2-1	CASSLGVGSYNEQFF	6.0	9.090909	60.0	90.909096	-2.2091650791244866	1	CD4	TRBV7-2+CASSLGVGSYNEQFF+TRBJ2-1	124	1	88	CAGCGCACAGAGCAGGAGGACTCGGCCGTGTATCTCTGTGCCAGCAGCTTGGGGGTAGGCTCCTACAATGAGCAGTTCTTCGGGCCA	TRBV7-2	TRBJ2-1	CASSLGVGSYNEQFF	762.0	0.0010244620565874	0.0012537348794966633	145744.0	True	0.015384615384615385	True	0.14406484683674248	0.1332333931094588	0.17361661029043324	0.1565492369036141	15531E03_filtered_contig_annotations.csv	15531E03_raw_feature_bc_matrix.h5	15531_6_TCRB.tsv
TGTGCTCGGGGGAAAACCTCCTACGACAAGGTGATATTT	TRAV16	TRAJ50	CARGKTSYDKVIF	TGTGCCAGCAGCAAGACCCAAAACCCCTACGAGCAGTACTTC	TRBV9	TRBJ2-7	CASSKTQNPYEQYF	418.0	81.48148	95.0	18.518518	1.4412101463162954	1	CD8	TRBV9+CASSKTQNPYEQYF+TRBJ2-7	124	1	89	CTGAGCTCTCTGGAGCTGGGGGACTCAGCTTTGTATTTCTGTGCCAGCAGCAAGACCCAAAACCCCTACGAGCAGTACTTCGGGCCG	TRBV9	TRBJ2-7	CASSKTQNPYEQYF	61.0	8.201074206277184e-05	0.00010036460321429982	188609.0	True	0.015384615384615385	True	0.012368706270940222	0.01229251337495306	0.017616036204066376	0.01703096334633005	15531E03_filtered_contig_annotations.csv	15531E03_raw_feature_bc_matrix.h5	15531_6_TCRB.tsv
TGTGCTGCAACTCAGGGCGGATCTGAAAAGCTGGTCTTT	TRAV21	TRAJ57	CAATQGGSEKLVF	TGCGCCAGCAGCCCCGGTGGGCGGACCCAGTACTTC	TRBV5-1	TRBJ2-5	CASSPGGRTQYF	4.0	4.347826	88.0	95.652176	-2.8944285946908366	1	CD4	TRBV5-1+CASSPGGRTQYF+TRBJ2-5	124	1	54	ATGAATGTGAGCACCTTGGAGCTGGGGGACTCGGCCCTTTATCTTTGCGCCAGCAGCCCCGGTGGGCGGACCCAGTACTTCGGGCCA	TRBV5-1	TRBJ2-5	CASSPGGRTQYF	2.0	2.6888767889433388e-06	3.2906427283376988e-06	115775.0	True	0.015384615384615385	True	0.0004079571325219522	0.00040787457777810923	0.001369570373466554	0.001369293225397938	15531E03_filtered_contig_annotations.csv	15531E03_raw_feature_bc_matrix.h5	15531_6_TCRB.tsv
TGTGCAGTTCCGCGGTTTTCAGATGGCCAGAAGCTGCTCTTT	TRAV5	TRAJ16	CAVPRFSDGQKLLF	TGTGCCAGCAGCTTAGTAGCAGCCTCCTACGAGCAGTACTTC	TRBV11-2	TRBJ2-7	CASSLVAASYEQYF	335.0	98.52941	5.0	1.4705882	3.695996928726968	1	CD8	TRBV11-2+CASSLVAASYEQYF+TRBJ2-7	124	1	97	ATCCAGCCTGCAAAGCTTGAGGACTCGGCCGTGTATCTCTGTGCCAGCAGCTTAGTAGCAGCCTCCTACGAGCAGTACTTCGGGCCG	TRBV11-2	TRBJ2-7	CASSLVAASYEQYF	37.0	4.974422059545177e-05	6.087689047424743e-05	99583.0	True	0.015384615384615385	True	0.007520542333145808	0.0074924199572774935	0.012188465160615619	0.012142887516966972	15531E03_filtered_contig_annotations.csv	15531E03_raw_feature_bc_matrix.h5	15531_6_TCRB.tsv
TGTGCAGGAGCGGGGAACTATGGTCAGAATTTTGTCTTT	TRAV27	TRAJ26	CAGAGNYGQNFVF	TGTGCCAGCAGCGTAGCACAGAACCCTTATGAGCAGTACTTC	TRBV9	TRBJ2-7	CASSVAQNPYEQYF	391.0	99.744896	1.0	0.25510204	4.385374664085806	1	CD8	TRBV9+CASSVAQNPYEQYF+TRBJ2-7	124	1	100	CTGAGCTCTCTGGAGCTGGGGGACTCAGCTTTGTATTTCTGTGCCAGCAGCGTAGCACAGAACCCTTATGAGCAGTACTTCGGGCCG	TRBV9	TRBJ2-7	CASSVAQNPYEQYF	21.0	2.8233206283905057e-05	3.455174864754584e-05	189906.0	True	0.015384615384615385	True	0.00427532551439358	0.004266246961990973	0.007176439256303509	0.007161200257627704	15531E03_filtered_contig_annotations.csv	15531E03_raw_feature_bc_matrix.h5	15531_6_TCRB.tsv
TGTGCAGCCGAGACGGGTGGTACTAGCTATGGAAAGCTGACATTT	TRAV13-1	TRAJ52	CAAETGGTSYGKLTF	TGTGCCAGCAGCTCCCTCGGCGGGGCGGGCTACGAGCAGTACTTC	TRBV7-6	TRBJ2-7	CASSSLGGAGYEQYF	284.0	100.0	0.0	0.0	4.61512051684126	1	CD8	TRBV7-6+CASSSLGGAGYEQYF+TRBJ2-7	124	1	103	CAGCGCACAGAGCAGCGGGACTCGGCCATGTATCGCTGTGCCAGCAGCTCCCTCGGCGGGGCGGGCTACGAGCAGTACTTCGGGCCG	TRBV7-6	TRBJ2-7	CASSSLGGAGYEQYF	10.0	1.3444383944716691e-05	1.6453213641688494e-05	141984.0	True	0.015384615384615385	True	0.00203813545114917	0.0020360737906533906	0.004164885487130913	0.004160672528726494	15531E03_filtered_contig_annotations.csv	15531E03_raw_feature_bc_matrix.h5	15531_6_TCRB.tsv
TGTGCTCTGAGTGAAGATGGAAACAAACTGGTCTTT	TRAV9-2	TRAJ47	CALSEDGNKLVF	TGCAGTGCTGCAGGGAGCCCCCAGATCAATGAGCAGTTCTTC	TRBV20-1	TRBJ2-1	CSAAGSPQINEQFF	9.0	5.921053	143.0	94.07895	-2.620139672349426	1	CD4	TRBV20-1+CSAAGSPQINEQFF+TRBJ2-1	124	1	55	GTGACCAGTGCCCATCCTGAAGACAGCAGCTTCTACATCTGCAGTGCTGCAGGGAGCCCCCAGATCAATGAGCAGTTCTTCGGGCCA	TRBV20-1	TRBJ2-1	CSAAGSPQINEQFF	4.0	5.3777535778866775e-06	6.5812854566753976e-06	265169.0	True	0.015384615384615385	True	0.0008157491776481507	0.0008154190470365703	0.0022553065499684166	0.0022543938359246354	15531E03_filtered_contig_annotations.csv	15531E03_raw_feature_bc_matrix.h5	15531_6_TCRB.tsv
TGTGTGAGTAGTGGAGGTAGCAACTATAAACTGACATTT	TRAV12-1	TRAJ53	CVSSGGSNYKLTF	TGTGCCAGCAGCTCAACCTACGAGCAGTACTTC	TRBV11-2	TRBJ2-7	CASSSTYEQYF	3.0	8.571429	32.0	91.42857	-2.2676536275241204	1	CD4	TRBV11-2+CASSSTYEQYF+TRBJ2-7	124	1	41	ACTCTCAAGATCCAGCCTGCAAAGCTTGAGGACTCGGCCGTGTATCTCTGTGCCAGCAGCTCAACCTACGAGCAGTACTTCGGGCCG	TRBV11-2	TRBJ2-7	CASSSTYEQYF	10.0	1.3444383944716691e-05	1.6453213641688494e-05	59813.0	True	0.015384615384615385	True	0.00203813545114917	0.0020360737906533906	0.004164885487130913	0.004160672528726494	15531E03_filtered_contig_annotations.csv	15531E03_raw_feature_bc_matrix.h5	15531_6_TCRB.tsv
TGTGCTGTGATGGATAGCAACTATCAGTTAATCTGG	TRAV1-2	TRAJ33	CAVMDSNYQLIW	TGCGCCAGCAGCCAAGGGGAACAGGGGTTTTCCGGGGCCAACGTCCTGACTTTC	TRBV4-3	TRBJ2-6	CASSQGEQGFSGANVLTF	11.0	100.0	0.0	0.0	4.61512051684126	1	CD8	TRBV4-3+CASSQGEQGFSGANVLTF+TRBJ2-6	124	1	53	CAGCCAGAAGACTCGGCCCTGTATCTCTGCGCCAGCAGCCAAGGGGAACAGGGGTTTTCCGGGGCCAACGTCCTGACTTTCGGGGCC	TRBV4-3	TRBJ2-6	CASSQGEQGFSGANVLTF	240.0	0.00032266521467320063	0.00039487712740052385	131325.0	True	0.015384615384615385	True	0.0477945264095192	0.04664293432912302	0.05911428266440533	0.05621071572996877	15531E03_filtered_contig_annotations.csv	15531E03_raw_feature_bc_matrix.h5	15531_6_TCRB.tsv
TGTGCTGTGCGTACCTCAGATGGCCAGAAGCTGCTCTTT	TRAV20	TRAJ16	CAVRTSDGQKLLF	TGTGCCAGCAGCTTAGCGGGTTCACCCCTCCACTTT	TRBV7-2	TRBJ1-6	CASSLAGSPLHF	384.0	99.74026	1.0	0.25974026	4.381639934633584	1	CD8	TRBV7-2+CASSLAGSPLHF+TRBJ1-6	124	1	52	CTGACGATCCAGCGCACAGAGCAGGAGGACTCGGCCGTGTATCTCTGTGCCAGCAGCTTAGCGGGTTCACCCCTCCACTTTGGGAAC	TRBV7-2	TRBJ1-6	CASSLAGSPLHF	15.0	2.016657591707504e-05	2.467982046253274e-05	186589.0	True	0.015384615384615385	True	0.0030556574484373877	0.0030510218144490847	0.005744636003062289	0.005735921011164279	15531E03_filtered_contig_annotations.csv	15531E03_raw_feature_bc_matrix.h5	15531_6_TCRB.tsv
TGTGCTGTGAAATCTAACTTTGGAAATGAGAAATTAACCTTT	TRAV8-4	TRAJ48	CAVKSNFGNEKLTF	TGCGCCAGCCCCCGGACAGGGGGTGAGACCCAGTACTTC	TRBV4-3	TRBJ2-5	CASPRTGGETQYF	7.0	20.588236	27.0	79.411766	-1.3150119794270707	1	CD4	TRBV4-3+CASPRTGGETQYF+TRBJ2-5	124	1	12	CACCTACACACCCTGCAGCCAGAAGACTCGGCCCTGTATCTCTGCGCCAGCCCCCGGACAGGGGGTGAGACCCAGTACTTCGGGCCA	TRBV4-3	TRBJ2-5	CASPRTGGETQYF	10.0	1.3444383944716691e-05	1.6453213641688494e-05	125599.0	True	0.015384615384615385	True	0.00203813545114917	0.0020360737906533906	0.004164885487130913	0.004160672528726494	15531E03_filtered_contig_annotations.csv	15531E03_raw_feature_bc_matrix.h5	15531_6_TCRB.tsv
TGTGCTGTGACCGAGTATGGGAACAACAGACTCGCTTTT	TRAV8-6	TRAJ7	CAVTEYGNNRLAF	TGTGCCAGCAGTCTGGACGGCGCCAAAAACATTCAGTACTTC	TRBV6-2	TRBJ2-4	CASSLDGAKNIQYF	17.0	32.07547	36.0	67.92453	-0.7342202191627076	1		TRBV6-2+CASSLDGAKNIQYF+TRBJ2-4	124	1	14	NNNNTGTCGGCTGCTCCCTCCCAAACATCTGTGTACTTCTGTGCCAGCAGTCTGGACGGCGCCAAAAACATTCAGTACTTCGGCGCC	TRBV6-2	TRBJ2-4	CASSLDGAKNIQYF	152.0	0.00020435463595969372	0.00025008884735366513	285639.0	True	0.015384615384615385	True	0.030538867613893794	0.030071496272765938	0.03879261561764887	0.03719369275842103	15531E03_filtered_contig_annotations.csv	15531E03_raw_feature_bc_matrix.h5	15531_6_TCRB.tsv
TGTGCTGTGAGCGATGGCGACTACAAGCTCAGCTTT	TRAV1-2	TRAJ20	CAVSDGDYKLSF	TGTGCCAGTACCCTCCCGGACAGGGGGAGTGAAAAACTGTTTTTT	TRBV19	TRBJ1-4	CASTLPDRGSEKLFF	213.0	71.95946	83.0	28.04054	0.9212110999882155	1		TRBV19+CASTLPDRGSEKLFF+TRBJ1-4	124	1	19	ACATCGGCCCAAAAGAACCCGACAGCTTTCTATCTCTGTGCCAGTACCCTCCCGGACAGGGGGAGTGAAAAACTGTTTTTTGGCAGT	TRBV19	TRBJ1-4	CASTLPDRGSEKLFF	57.0	7.663298848488515e-05	9.378331775762442e-05	38087.0	True	0.015384615384615385	True	0.011562313445387828	0.011495749849139493	0.017616036204066376	0.01703096334633005	15531E03_filtered_contig_annotations.csv	15531E03_raw_feature_bc_matrix.h5	15531_6_TCRB.tsv
TGTGCTGGAACTACCGGCACTGCCAGTAAACTCACCTTT	TRAV35	TRAJ44	CAGTTGTASKLTF	TGTGCCAGCAGTCTGACTAGGCCCACAGATACGCAGTATTTT	TRBV5-5	TRBJ2-3	CASSLTRPTDTQYF	344.0	99.42197	2.0	0.57803464	4.1532008000783796	1	CD8	TRBV5-5+CASSLTRPTDTQYF+TRBJ2-3	124	1	24	GTGAACGCCTTGTTGCTGGGGGACTCGGCCCTGTATCTCTGTGCCAGCAGTCTGACTAGGCCCACAGATACGCAGTATTTTGGCCCA	TRBV5-5	TRBJ2-3	CASSLTRPTDTQYF	60.0	8.066630366830016e-05	9.871928185013096e-05	253982.0	True	0.015384615384615385	True	0.012167169263909927	0.012093444163265753	0.017616036204066376	0.01703096334633005	15531E03_filtered_contig_annotations.csv	15531E03_raw_feature_bc_matrix.h5	15531_6_TCRB.tsv
TGTGCTGGAACTACCGGCACTGCCAGTAAACTCACCTTT	TRAV35	TRAJ44	CAGTTGTASKLTF	TGTGCCAGCAGCGAATACGAGGGGGGTGAAGCTTTCTTT	TRBV7-9	TRBJ1-1	CASSEYEGGEAFF	697.0	100.0	0.0	0.0	4.61512051684126	1	CD8	TRBV7-9+CASSEYEGGEAFF+TRBJ1-1	124	1	25	GAGATCCAGCGCACAGAGCAGGGGGACTCGGCCATGTATCTCTGTGCCAGCAGCGAATACGAGGGGGGTGAAGCTTTCTTTGGACAA	TRBV7-9	TRBJ1-1	CASSEYEGGEAFF	10.0	1.3444383944716691e-05	1.6453213641688494e-05	215634.0	True	0.015384615384615385	True	0.00203813545114917	0.0020360737906533906	0.004164885487130913	0.004160672528726494	15531E03_filtered_contig_annotations.csv	15531E03_raw_feature_bc_matrix.h5	15531_6_TCRB.tsv
TGTGCTGCCATGGATAGCAACTATCAGTTAATCTGG	TRAV1-2	TRAJ33	CAAMDSNYQLIW	TGCAGTGCTAGAGACAGGGAATATTCACCCCTCCACTTT	TRBV20-1	TRBJ1-6	CSARDREYSPLHF	108.0	98.18182	2.0	1.8181818	3.56086286036492	1	CD8	TRBV20-1+CSARDREYSPLHF+TRBJ1-6	124	1	29	ACAGTGACCAGTGCCCATCCTGAAGACAGCAGCTTCTACATCTGCAGTGCTAGAGACAGGGAATATTCACCCCTCCACTTTGGGAAC	TRBV20-1	TRBJ1-6	CSARDREYSPLHF	148.0	0.00019897688238180707	0.00024350756189698972	33839.0	True	0.015384615384615385	True	0.02974719198265685	0.029303858778502747	0.03879261561764887	0.03719369275842103	15531E03_filtered_contig_annotations.csv	15531E03_raw_feature_bc_matrix.h5	15531_6_TCRB.tsv
TGTGCTTTCAGGCTTTCGTACAATAACAATGACATGCGCTTT	TRAV38-1	TRAJ43	CAFRLSYNNNDMRF	TGTGCCAGCAGCTTAGACCCTACGACCAGGGTAGGGGGCTACACCTTC	TRBV11-2	TRBJ1-2	CASSLDPTTRVGGYTF	113.0	97.41379	3.0	2.586207	3.312085840845862	1	CD8	TRBV11-2+CASSLDPTTRVGGYTF+TRBJ1-2	124	1	33	CCTGCAAAGCTTGAGGACTCGGCCGTGTATCTCTGTGCCAGCAGCTTAGACCCTACGACCAGGGTAGGGGGCTACACCTTCGGTTCG	TRBV11-2	TRBJ1-2	CASSLDPTTRVGGYTF	3.0	4.033315183415008e-06	4.935964092506548e-06	160008.0	True	0.015384615384615385	True	0.0006118737868674451	0.0006116880635480308	0.00179737924892312	0.0017968336866723404	15531E03_filtered_contig_annotations.csv	15531E03_raw_feature_bc_matrix.h5	15531_6_TCRB.tsv
TGTGTTGTGAGTGAAGCCGGCTACAATAAGCTGATTTTT	TRAV8-2	TRAJ4	CVVSEAGYNKLIF	TGTGCCAGCGGGCTAGGGGCCACCGGGGAGCTGTTTTTT	TRBV7-2	TRBJ2-2	CASGLGATGELFF	0.0	0.0	52.0	100.0	-4.61512051684126	1	CD4	TRBV7-2+CASGLGATGELFF+TRBJ2-2	124	1	34	ACGATCCAGCGCACACAGCAGGAGGACTCGGCCGTGTATCTCTGTGCCAGCGGGCTAGGGGCCACCGGGGAGCTGTTTTTTGGAGAA	TRBV7-2	TRBJ2-2	CASGLGATGELFF	1.0	1.3444383944716694e-06	1.6453213641688494e-06	56197.0	True	0.015384615384615385	True	0.00020399920632785395	0.000203978564879925	0.001065329188601015	0.0010652213943729417	15531E03_filtered_contig_annotations.csv	15531E03_raw_feature_bc_matrix.h5	15531_6_TCRB.tsv
TGTGTTGTGAGTGAAGCCGGCTACAATAAGCTGATTTTT	TRAV8-2	TRAJ4	CVVSEAGYNKLIF	TGTGCCAGCGGGCTAGGGGCCACCGGGGAGCTGTTTTTT	TRBV7-2	TRBJ2-2	CASGLGATGELFF	0.0	0.0	52.0	100.0	-4.61512051684126	1	CD4	TRBV7-2+CASGLGATGELFF+TRBJ2-2	124	1	34	ACGATCCAGCGCACAGAGCAGGAGGACTCGGCCGTGTATCTCTGTGCCAGCGGGCTAGGGGCCACCGGGGAGCTGTTTTTTGGAGAA	TRBV7-2	TRBJ2-2	CASGLGATGELFF	1.0	1.3444383944716694e-06	1.6453213641688494e-06	58082.0	True	0.015384615384615385	True	0.00020399920632785395	0.000203978564879925	0.001065329188601015	0.0010652213943729417	15531E03_filtered_contig_annotations.csv	15531E03_raw_feature_bc_matrix.h5	15531_6_TCRB.tsv
TGTGTGGTGAGGGATAACTTTGGAAATGAGAAATTAACCTTT	TRAV12-1	TRAJ48	CVVRDNFGNEKLTF	TGTGCCAGCAGTTTAAACGGGGCCATCCAAGAGACCCAGTACTTC	TRBV27	TRBJ2-5	CASSLNGAIQETQYF	2.0	2.2727273	86.0	97.72727	-3.4067375616352837	1	CD4	TRBV27+CASSLNGAIQETQYF+TRBJ2-5	124	1	35	GAGTCGCCCAGCCCCAACCAGACCTCTCTGTACTTCTGTGCCAGCAGTTTAAACGGGGCCATCCAAGAGACCCAGTACTTCGGGCCA	TRBV27	TRBJ2-5	CASSLNGAIQETQYF	20.0	2.6888767889433383e-05	3.290642728337699e-05	227895.0	True	0.015384615384615385	True	0.00407215033841013	0.004063914722097297	0.0070885579964917065	0.00707422192365085	15531E03_filtered_contig_annotations.csv	15531E03_raw_feature_bc_matrix.h5	15531_6_TCRB.tsv
TGTGTGGTGAGCGACAGAGGCTCAACCCTGGGGAGGCTATACTTT	TRAV10	TRAJ18	CVVSDRGSTLGRLYF	TGTGCCAGCAGTGAATCCCAAAAGACTAGCGGGTTTAACAATGAGCAGTTCTTC	TRBV25-1	TRBJ2-1	CASSESQKTSGFNNEQFF	1.0	100.0	0.0	0.0	4.61512051684126	1	CD8	TRBV25-1+CASSESQKTSGFNNEQFF+TRBJ2-1	124	1	36	AGGCCCTCACATACCTCTCAGTACCTCTGTGCCAGCAGTGAATCCCAAAAGACTAGCGGGTTTAACAATGAGCAGTTCTTCGGGCCA	TRBV25-1	TRBJ2-1	CASSESQKTSGFNNEQFF	889.0	0.0011952057326853	0.0014626906927461072	83006.0	True	0.015384615384615385	True	0.1659871108795451	0.15148954076913218	0.19503485528346548	0.1695240099083146	15531E03_filtered_contig_annotations.csv	15531E03_raw_feature_bc_matrix.h5	15531_6_TCRB.tsv
TGTGTGGTGAACGAGGCCGACAAGCTCATCTTT	TRAV12-1	TRAJ34	CVVNEADKLIF	TGTGCCAGCAGCCCCGATATAGAGCAGTACTTC	TRBV7-9	TRBJ2-7	CASSPDIEQYF	172.0	84.729065	31.0	15.270937	1.6618114074767112	1	CD8	TRBV7-9+CASSPDIEQYF+TRBJ2-7	124	1	39	ACCTTGGAGATCCAGCGCACAGAGCAGGGGGACTCGGCCATGTATCTCTGTGCCAGCAGCCCCGATATAGAGCAGTACTTCGGGCCG	TRBV7-9	TRBJ2-7	CASSPDIEQYF	17.0	2.2855452706018377e-05	2.797046319087044e-05	51932.0	True	0.015384615384615385	True	0.0034623780394685832	0.0034564254181171394	0.006258914148270131	0.006248153640442521	15531E03_filtered_contig_annotations.csv	15531E03_raw_feature_bc_matrix.h5	15531_6_TCRB.tsv
TGTGCTGTGGGTGGGAATAATGCAGGCAACATGCTCACCTTT	TRAV8-3	TRAJ39	CAVGGNNAGNMLTF	TGTGCCATCAGTGACAGTAGGACAGGGCACGGCGAGCAGTACTTC	TRBV10-3	TRBJ2-7	CAISDSRTGHGEQYF	292.0	99.65871	1.0	0.3412969	4.318098662604216	1	CD8	TRBV10-3+CAISDSRTGHGEQYF+TRBJ2-7	124	1	47	GAGTCCGCTACCAGCTCCCAGACATCTGTGTACTTCTGTGCCATCAGTGACAGTAGGACAGGGCACGGCGAGCAGTACTTCGGGCCG	TRBV10-3	TRBJ2-7	CAISDSRTGHGEQYF	67.0	9.007737242960185e-05	0.00011023653139931292	225535.0	True	0.015384615384615385	True	0.013577072095225629	0.01348522698070463	0.018768305543400133	0.018108733374089074	15531E03_filtered_contig_annotations.csv	15531E03_raw_feature_bc_matrix.h5	15531_6_TCRB.tsv
TGTGCTGTGCGTACCTCAGATGGCCAGAAGCTGCTCTTT	TRAV20	TRAJ16	CAVRTSDGQKLLF	TGTGCCAGCAGCTTAGCGGGTTCACCCCTCCACTTT	TRBV7-2	TRBJ1-6	CASSLAGSPLHF	384.0	99.74026	1.0	0.25974026	4.381639934633584	1	CD8	TRBV7-2+CASSLAGSPLHF+TRBJ1-6	124	1	52	CTGACGATCCAGCGCACACAGCAGGAGGACTCGGCCGTGTATCTCTGTGCCAGCAGCTTAGCGGGTTCACCCCTCCACTTTGGGAAC	TRBV7-2	TRBJ1-6	CASSLAGSPLHF	8.0	1.0755507155773357e-05	1.3162570913350795e-05	186052.0	True	0.015384615384615385	True	0.0016308382707386215	0.001629518454883756	0.004164885487130913	0.004160672528726494	15531E03_filtered_contig_annotations.csv	15531E03_raw_feature_bc_matrix.h5	15531_6_TCRB.tsv
TGTGTTGTGAGTGAGGGCCCGTACAATGACATGCGCTTT	TRAV8-2	TRAJ43	CVVSEGPYNDMRF	TGTGCCAGCAGAGACAAAAGACTAGCGGGGGGATTCTACGAGCAGTACTTC	TRBV6-1	TRBJ2-7	CASRDKRLAGGFYEQYF	121.0	100.0	0.0	0.0	4.61512051684126	1	CD8	TRBV6-1+CASRDKRLAGGFYEQYF+TRBJ2-7	124	1	104	GCTGCTCCCTCCCAGACATCTGTGTACTTCTGTGCCAGCAGAGACAAAAGACTAGCGGGGGGATTCTACGAGCAGTACTTCGGGCCG	TRBV6-1	TRBJ2-7	CASRDKRLAGGFYEQYF	15.0	2.016657591707504e-05	2.467982046253274e-05	246224.0	True	0.015384615384615385	True	0.0030556574484373877	0.0030510218144490847	0.005744636003062289	0.005735921011164279	15531E03_filtered_contig_annotations.csv	15531E03_raw_feature_bc_matrix.h5	15531_6_TCRB.tsv
